NSP3_T504I	TRANSITIONS	4230	4230	C/T	orf1a	T1322I	NS	AGCTTTGAGAAAAGTGCCAA	AGACAATTATATAACCACTT	2
NSP3_A1431V	TRANSITIONS	7011	7011	C/T	orf1a	A2249V	NS	TTTAATCTACTCAACCGCTG	TTTAGGTGTTTTAATGTCTA	2
N_Y86Y	TRANSITIONS	28531	28531	C/T	N	Y86Y	S	CCAGATGACCAAATTGGCTA	TACCGAAGAGCTACCAGACG	3
S_F797L	TRANSVERSIONS	23953	23953	T/A	S	F797L	NS	ACACCACCAATTAAAGATTT	GGTGGTTTTAATTTTTCACA	3
NSP3_T779T	TRANSVERSIONS	5056	5056	T/A	orf1a	T1597T	S	GGACAACAGTTTGGTCCAAC	TATTTGGATGGAGCTGATGT	3
NSP5_V247I	TRANSITIONS	10793	10793	G/A	orf1a	V3510I	NS	AACCTCTAACACAAGACCAT	TTGACATACTAGGACCTCTT	1
S_S477N	TRANSITIONS	22993	22993	C/T	S	S477S	S	GAAATCTATCAGGCCGGTAG	ACACCTTGTAATGGTGTTGA	3
NSP14_A425A	TRANSITIONS	19314	19314	A/G	orf1b	A6350A	S	TTGTATGTAAATAAACATGC	TTCCACACACCAGCTTTTGA	3
S_V395F	TRANSVERSIONS	22745	22745	G/T	S	V395F	NS	ATGATCTCTGCTTTACTAAT	TCTATGCAGATTCATTTGTA	1
ORF3A_D27Y	TRANSVERSIONS	25471	25471	G/T	ORF3a	D27Y	NS	TCAAGGATGCTACTCCTTCA	ATTTTGTTCGCGCTACTGCA	1
NSP4_S250F	TRANSITIONS	9303	9303	C/T	orf1a	S3013F	NS	TAACAATGATTATTACAGAT	TTTACCAGGAGTTTTCTGTG	2
ORF7B_F30L	TRANSITIONS	27843	27843	T/C	ORF7b	F30L	NS	TTATGCTTATTATCTTTTGG	TCTCACTTGAACTGCAAGAT	1
S_P272P	TRANSITIONS	22378	22378	T/C	S	P272P	S	TATGTGGGTTATCTTCAACC	AGGACTTTTCTATTAAAATA	3
S_A831A	TRANSITIONS	24055	24055	T/C	S	A831A	S	AAAGTGACACTTGCAGATGC	GGCTTCATCAAACAATATGG	3
NSP3_T1334I	TRANSITIONS	6720	6720	C/T	orf1a	T2152I	NS	TCTTAACAAAGTTGTTAGTA	AACTACTAACATAGTTACAC	2
NSP6_G48S	TRANSITIONS	11114	11114	G/A	orf1a	G3617S	NS	CCTTTTTACCTTTTGCTATG	GTATTATTGCTATGTCTGCT	1
N_D144D	TRANSITIONS	28705	28705	T/C	N	D144D	S	GCCTTGAATACACCAAAAGA	CACATTGGCACCCGCAATCC	3
NSP10_T49I	TRANSITIONS	13170	13170	C/T	orf1a	T4302I	NS	TAAGATGTTGTGTACACACA	TGGTACTGGTCAGGCAATAA	2
NSP12_A190T	TRANSITIONS	14035	14035	G/A	orf1b	A4591T	NS	TCTGTGATGCCATGCGAAAT	CTGGTATTGTTGGTGTACTG	1
S_I742V	TRANSITIONS	23786	23786	A/G	S	I742V	NS	CAGTAGATTGTACAATGTAC	TTTGTGGTGATTCAACTGAA	1
ORF3A_N137K	TRANSVERSIONS	25803	25803	C/A	ORF3a	N137K	NS	TGGAAATGCCGTTCCAAAAA	CCATTACTTTATGATGCCAA	3
NSP4_H362H	TRANSITIONS	9640	9640	T/C	orf1a	H3125H	S	GATGTTTCTTTTTTAGCACA	ATTCAGTGGATGGTTATGTT	3
NSP3_H1880R	TRANSITIONS	8358	8358	A/G	orf1a	H2698R	NS	TATTGACTGTAGTGCGCGTC	TATTAATGCGCAGGTAGCAA	2
NSP13_N177N	TRANSITIONS	16767	16767	C/T	orf1b	N5501N	S	AAACCTAGACCACCACTTAA	CGAAATTATGTCTTTACTGG	3
S_D1259D	TRANSITIONS	25339	25339	C/T	S	D1259D	S	TGCTGCAAATTTGATGAAGA	GACTCTGAGCCAGTGCTCAA	3
ORF10_L37F	TRANSITIONS	29666	29666	C/T	ORF10	L37F	NS	TAGATGTAGTTAACTTTAAT	TCACATAGCAATCTTTAATC	1
NSP1_L92F	TRANSITIONS	539	539	C/T	orf1a	L92F	NS	TGGTTGAGCTGGTAGCAGAA	TCGAAGGCATTCAGTACGGT	1
NSP12_P218S	TRANSITIONS	14119	14119	C/T	orf1b	P4619S	NS	GTGATTTCATACAAACCACG	CAGGTAGTGGAGTTCCTGTT	1
NSP4_T60I	TRANSITIONS	8733	8733	C/T	orf1a	T2823I	NS	CACTCGTGACATAGCATCTA	AGATACTTGTTTTGCTAACA	2
NSP5_A191S	TRANSVERSIONS	10625	10625	G/T	orf1a	A3454S	NS	CTTTTGTTGACAGGCAAACA	CACAAGCAGCTGGTACGGAC	1
S_A475A	TRANSITIONS	22987	22987	C/T	S	A475A	S	TCAACTGAAATCTATCAGGC	GGTAGCACACCTTGTAATGG	3
NSP16_T35I	TRANSITIONS	20762	20762	C/T	orf1b	T6833I	NS	AAATTATGGTGATAGTGCAA	ATTACCTAAAGGCATAATGA	2
NSP5_L232F	TRANSITIONS	10748	10748	C/T	orf1a	L3495F	NS	CAACTCTTAATGACTTTAAC	TTGTGGCTATGAAGTACAAT	1
NSP3_D1499N	TRANSITIONS	7214	7214	G/A	orf1a	D2317N	NS	CCATTTCATCTTTTAAATGG	ATTTAACTGCTTTTGGCTTA	1
NSP2_A375A	TRANSITIONS	1930	1930	T/C	orf1a	A555A	S	TCCCGCACTCTTGAAACTGC	CAAAATTCTGTGCGTGTTTT	3
S_P1162S	TRANSITIONS	25046	25046	C/T	S	P1162S	NS	ATTTTAAGAATCATACATCA	CAGATGTTGATTTAGGTGAC	1
NSP9_W53C	TRANSVERSIONS	12844	12844	G/T	orf1a	W4193C	NS	GATTTACAGGATTTGAAATG	GCTAGATTCCCTAAGAGTGA	3
NSP4_E177E	TRANSITIONS	9085	9085	A/G	orf1a	E2940E	S	TATGATACCAATGTACTAGA	GGTTCTGTTGCTTATGAAAG	3
N_E280E	TRANSITIONS	29113	29113	A/G	N	E280E	S	TTCGGCAGACGTGGTCCAGA	CAAACCCAAGGAAATTTTGG	3
NSP13_P47P	TRANSITIONS	16377	16377	G/A	orf1b	P5371P	S	TTAGTCTTGTCTGTTAATCC	TATGTTTGCAATGCTCCAGG	3
